ID,Name,Age,Gender
1,John Doe,30,Male
2,Jane Smith,25,Female
3,Michael Johnson,40,Male
4,Emily Brown,35,Female
5,David Wilson,45,Male
6,Sarah Taylor,28,Female
7,Chris Anderson,33,Male
8,Amy Clark,31,Female
9,Robert Martinez,37,Male
10,Lisa Lee,29,Female
1,John Doe,30,Male
2,Jane Smith,25,Female
3,Michael Johnson,40,Male
4,Emily Brown,35,Female
5,David Wilson,45,Male
6,Sarah Taylor,28,Female
7,Chris Anderson,33,Male
8,Amy Clark,31,Female
9,Robert Martinez,37,Male
10,Lisa Lee,29,Female
1,John Doe,30,Male
2,Jane Smith,25,Female
3,Michael Johnson,40,Male
4,Emily Brown,35,Female
5,David Wilson,45,Male
6,Sarah Taylor,28,Female
7,Chris Anderson,33,Male
8,Amy Clark,31,Female
9,Robert Martinez,37,Male
10,Lisa Lee,29,Female
1,John Doe,30,Male
2,Jane Smith,25,Female
3,Michael Johnson,40,Male
4,Emily Brown,35,Female
5,David Wilson,45,Male
6,Sarah Taylor,28,Female
7,Chris Anderson,33,Male
8,Amy Clark,31,Female
9,Robert Martinez,37,Male
10,Lisa Lee,29,Female
1,John Doe,30,Male
2,Jane Smith,25,Female
3,Michael Johnson,40,Male
4,Emily Brown,35,Female
5,David Wilson,45,Male
6,Sarah Taylor,28,Female
7,Chris Anderson,33,Male
8,Amy Clark,31,Female
9,Robert Martinez,37,Male
10,Lisa Lee,29,Female
1,John Doe,30,Male
2,Jane Smith,25,Female
3,Michael Johnson,40,Male
4,Emily Brown,35,Female
5,David Wilson,45,Male
6,Sarah Taylor,28,Female
7,Chris Anderson,33,Male
8,Amy Clark,31,Female
9,Robert Martinez,37,Male
10,Lisa Lee,29,Female
1,John Doe,30,Male
2,Jane Smith,25,Female
3,Michael Johnson,40,Male
4,Emily Brown,35,Female
5,David Wilson,45,Male
6,Sarah Taylor,28,Female
7,Chris Anderson,33,Male
8,Amy Clark,31,Female
9,Robert Martinez,37,Male
10,Lisa Lee,29,Female
1,John Doe,30,Male
2,Jane Smith,25,Female
3,Michael Johnson,40,Male
4,Emily Brown,35,Female
5,David Wilson,45,Male
6,Sarah Taylor,28,Female
7,Chris Anderson,33,Male
8,Amy Clark,31,Female
9,Robert Martinez,37,Male
10,Lisa Lee,29,Female
1,John Doe,30,Male
2,Jane Smith,25,Female
3,Michael Johnson,40,Male
4,Emily Brown,35,Female
5,David Wilson,45,Male
6,Sarah Taylor,28,Female
7,Chris Anderson,33,Male
8,Amy Clark,31,Female
9,Robert Martinez,37,Male
10,Lisa Lee,29,Female
1,John Doe,30,Male
2,Jane Smith,25,Female
3,Michael Johnson,40,Male
4,Emily Brown,35,Female
5,David Wilson,45,Male
6,Sarah Taylor,28,Female
7,Chris Anderson,33,Male
8,Amy Clark,31,Female
9,Robert Martinez,37,Male
10,Lisa Lee,29,Female
1,John Doe,30,Male
2,Jane Smith,25,Female
3,Michael Johnson,40,Male
4,Emily Brown,35,Female
5,David Wilson,45,Male
6,Sarah Taylor,28,Female
7,Chris Anderson,33,Male
8,Amy Clark,31,Female
9,Robert Martinez,37,Male
10,Lisa Lee,29,Female
1,John Doe,30,Male
2,Jane Smith,25,Female
3,Michael Johnson,40,Male
4,Emily Brown,35,Female
5,David Wilson,45,Male
6,Sarah Taylor,28,Female
7,Chris Anderson,33,Male
8,Amy Clark,31,Female
9,Robert Martinez,37,Male
10,Lisa Lee,29,Female
1,John Doe,30,Male
2,Jane Smith,25,Female
3,Michael Johnson,40,Male
4,Emily Brown,35,Female
5,David Wilson,45,Male
6,Sarah Taylor,28,Female
7,Chris Anderson,33,Male
8,Amy Clark,31,Female
9,Robert Martinez,37,Male
10,Lisa Lee,29,Female
1,John Doe,30,Male
2,Jane Smith,25,Female
3,Michael Johnson,40,Male
4,Emily Brown,35,Female
5,David Wilson,45,Male
6,Sarah Taylor,28,Female
7,Chris Anderson,33,Male
8,Amy Clark,31,Female
9,Robert Martinez,37,Male
10,Lisa Lee,29,Female
1,John Doe,30,Male
2,Jane Smith,25,Female
3,Michael Johnson,40,Male
4,Emily Brown,35,Female
5,David Wilson,45,Male
6,Sarah Taylor,28,Female
7,Chris Anderson,33,Male
8,Amy Clark,31,Female
9,Robert Martinez,37,Male
10,Lisa Lee,29,Female
1,John Doe,30,Male
2,Jane Smith,25,Female
3,Michael Johnson,40,Male
4,Emily Brown,35,Female
5,David Wilson,45,Male
6,Sarah Taylor,28,Female
7,Chris Anderson,33,Male
8,Amy Clark,31,Female
9,Robert Martinez,37,Male
10,Lisa Lee,29,Female
1,John Doe,30,Male
2,Jane Smith,25,Female
3,Michael Johnson,40,Male
4,Emily Brown,35,Female
5,David Wilson,45,Male
6,Sarah Taylor,28,Female
7,Chris Anderson,33,Male
8,Amy Clark,31,Female
9,Robert Martinez,37,Male
10,Lisa Lee,29,Female
1,John Doe,30,Male
2,Jane Smith,25,Female
3,Michael Johnson,40,Male
4,Emily Brown,35,Female
5,David Wilson,45,Male
6,Sarah Taylor,28,Female
7,Chris Anderson,33,Male
8,Amy Clark,31,Female
9,Robert Martinez,37,Male
10,Lisa Lee,29,Female
1,John Doe,30,Male
2,Jane Smith,25,Female
3,Michael Johnson,40,Male
4,Emily Brown,35,Female
5,David Wilson,45,Male
6,Sarah Taylor,28,Female
7,Chris Anderson,33,Male
8,Amy Clark,31,Female
9,Robert Martinez,37,Male
10,Lisa Lee,29,Female
1,John Doe,30,Male
2,Jane Smith,25,Female
3,Michael Johnson,40,Male
4,Emily Brown,35,Female
5,David Wilson,45,Male
6,Sarah Taylor,28,Female
7,Chris Anderson,33,Male
8,Amy Clark,31,Female
9,Robert Martinez,37,Male
10,Lisa Lee,29,Female
1,John Doe,30,Male
2,Jane Smith,25,Female
3,Michael Johnson,40,Male
4,Emily Brown,35,Female
5,David Wilson,45,Male
6,Sarah Taylor,28,Female
7,Chris Anderson,33,Male
8,Amy Clark,31,Female
9,Robert Martinez,37,Male
10,Lisa Lee,29,Female
1,John Doe,30,Male
2,Jane Smith,25,Female
3,Michael Johnson,40,Male
4,Emily Brown,35,Female
5,David Wilson,45,Male
6,Sarah Taylor,28,Female
7,Chris Anderson,33,Male
8,Amy Clark,31,Female
9,Robert Martinez,37,Male
10,Lisa Lee,29,Female
1,John Doe,30,Male
2,Jane Smith,25,Female
3,Michael Johnson,40,Male
4,Emily Brown,35,Female
5,David Wilson,45,Male
6,Sarah Taylor,28,Female
7,Chris Anderson,33,Male
8,Amy Clark,31,Female
9,Robert Martinez,37,Male
10,Lisa Lee,29,Female
1,John Doe,30,Male
2,Jane Smith,25,Female
3,Michael Johnson,40,Male
4,Emily Brown,35,Female
5,David Wilson,45,Male
6,Sarah Taylor,28,Female
7,Chris Anderson,33,Male
8,Amy Clark,31,Female
9,Robert Martinez,37,Male
10,Lisa Lee,29,Female
1,John Doe,30,Male
2,Jane Smith,25,Female
3,Michael Johnson,40,Male
4,Emily Brown,35,Female
5,David Wilson,45,Male
6,Sarah Taylor,28,Female
7,Chris Anderson,33,Male
8,Amy Clark,31,Female
9,Robert Martinez,37,Male
10,Lisa Lee,29,Female
1,John Doe,30,Male
2,Jane Smith,25,Female
3,Michael Johnson,40,Male
4,Emily Brown,35,Female
5,David Wilson,45,Male
6,Sarah Taylor,28,Female
7,Chris Anderson,33,Male
8,Amy Clark,31,Female
9,Robert Martinez,37,Male
10,Lisa Lee,29,Female
1,John Doe,30,Male
2,Jane Smith,25,Female
3,Michael Johnson,40,Male
4,Emily Brown,35,Female
5,David Wilson,45,Male
6,Sarah Taylor,28,Female
7,Chris Anderson,33,Male
8,Amy Clark,31,Female
9,Robert Martinez,37,Male
10,Lisa Lee,29,Female
1,John Doe,30,Male
2,Jane Smith,25,Female
3,Michael Johnson,40,Male
4,Emily Brown,35,Female
5,David Wilson,45,Male
6,Sarah Taylor,28,Female
7,Chris Anderson,33,Male
8,Amy Clark,31,Female
9,Robert Martinez,37,Male
10,Lisa Lee,29,Female
1,John Doe,30,Male
2,Jane Smith,25,Female
3,Michael Johnson,40,Male
4,Emily Brown,35,Female
5,David Wilson,45,Male
6,Sarah Taylor,28,Female
7,Chris Anderson,33,Male
8,Amy Clark,31,Female
9,Robert Martinez,37,Male
10,Lisa Lee,29,Female
1,John Doe,30,Male
2,Jane Smith,25,Female
3,Michael Johnson,40,Male
4,Emily Brown,35,Female
5,David Wilson,45,Male
6,Sarah Taylor,28,Female
7,Chris Anderson,33,Male
8,Amy Clark,31,Female
9,Robert Martinez,37,Male
10,Lisa Lee,29,Female
1,John Doe,30,Male
2,Jane Smith,25,Female
3,Michael Johnson,40,Male
4,Emily Brown,35,Female
5,David Wilson,45,Male
6,Sarah Taylor,28,Female
7,Chris Anderson,33,Male
8,Amy Clark,31,Female
9,Robert Martinez,37,Male
10,Lisa Lee,29,Female
1,John Doe,30,Male
2,Jane Smith,25,Female
3,Michael Johnson,40,Male
4,Emily Brown,35,Female
5,David Wilson,45,Male
6,Sarah Taylor,28,Female
7,Chris Anderson,33,Male
8,Amy Clark,31,Female
9,Robert Martinez,37,Male
10,Lisa Lee,29,Female
1,John Doe,30,Male
2,Jane Smith,25,Female
3,Michael Johnson,40,Male
4,Emily Brown,35,Female
5,David Wilson,45,Male
6,Sarah Taylor,28,Female
7,Chris Anderson,33,Male
8,Amy Clark,31,Female
9,Robert Martinez,37,Male
10,Lisa Lee,29,Female
1,John Doe,30,Male
2,Jane Smith,25,Female
3,Michael Johnson,40,Male
4,Emily Brown,35,Female
5,David Wilson,45,Male
6,Sarah Taylor,28,Female
7,Chris Anderson,33,Male
8,Amy Clark,31,Female
9,Robert Martinez,37,Male
10,Lisa Lee,29,Female
1,John Doe,30,Male
2,Jane Smith,25,Female
3,Michael Johnson,40,Male
4,Emily Brown,35,Female
5,David Wilson,45,Male
6,Sarah Taylor,28,Female
7,Chris Anderson,33,Male
8,Amy Clark,31,Female
9,Robert Martinez,37,Male
10,Lisa Lee,29,Female
1,John Doe,30,Male
2,Jane Smith,25,Female
3,Michael Johnson,40,Male
4,Emily Brown,35,Female
5,David Wilson,45,Male
6,Sarah Taylor,28,Female
7,Chris Anderson,33,Male
8,Amy Clark,31,Female
9,Robert Martinez,37,Male
10,Lisa Lee,29,Female
1,John Doe,30,Male
2,Jane Smith,25,Female
3,Michael Johnson,40,Male
4,Emily Brown,35,Female
5,David Wilson,45,Male
6,Sarah Taylor,28,Female
7,Chris Anderson,33,Male
8,Amy Clark,31,Female
9,Robert Martinez,37,Male
10,Lisa Lee,29,Female
1,John Doe,30,Male
2,Jane Smith,25,Female
3,Michael Johnson,40,Male
4,Emily Brown,35,Female
5,David Wilson,45,Male
6,Sarah Taylor,28,Female
7,Chris Anderson,33,Male
8,Amy Clark,31,Female
9,Robert Martinez,37,Male
10,Lisa Lee,29,Female
1,John Doe,30,Male
2,Jane Smith,25,Female
3,Michael Johnson,40,Male
4,Emily Brown,35,Female
5,David Wilson,45,Male
6,Sarah Taylor,28,Female
7,Chris Anderson,33,Male
8,Amy Clark,31,Female
9,Robert Martinez,37,Male
10,Lisa Lee,29,Female
1,John Doe,30,Male
2,Jane Smith,25,Female
3,Michael Johnson,40,Male
4,Emily Brown,35,Female
5,David Wilson,45,Male
6,Sarah Taylor,28,Female
7,Chris Anderson,33,Male
8,Amy Clark,31,Female
9,Robert Martinez,37,Male
10,Lisa Lee,29,Female
1,John Doe,30,Male
2,Jane Smith,25,Female
3,Michael Johnson,40,Male
4,Emily Brown,35,Female
5,David Wilson,45,Male
6,Sarah Taylor,28,Female
7,Chris Anderson,33,Male
8,Amy Clark,31,Female
9,Robert Martinez,37,Male
10,Lisa Lee,29,Female
1,John Doe,30,Male
2,Jane Smith,25,Female
3,Michael Johnson,40,Male
4,Emily Brown,35,Female
5,David Wilson,45,Male
6,Sarah Taylor,28,Female
7,Chris Anderson,33,Male
8,Amy Clark,31,Female
9,Robert Martinez,37,Male
10,Lisa Lee,29,Female
1,John Doe,30,Male
2,Jane Smith,25,Female
3,Michael Johnson,40,Male
4,Emily Brown,35,Female
5,David Wilson,45,Male
6,Sarah Taylor,28,Female
7,Chris Anderson,33,Male
8,Amy Clark,31,Female
9,Robert Martinez,37,Male
10,Lisa Lee,29,Female
1,John Doe,30,Male
2,Jane Smith,25,Female
3,Michael Johnson,40,Male
4,Emily Brown,35,Female
5,David Wilson,45,Male
6,Sarah Taylor,28,Female
7,Chris Anderson,33,Male
8,Amy Clark,31,Female
9,Robert Martinez,37,Male
10,Lisa Lee,29,Female
1,John Doe,30,Male
2,Jane Smith,25,Female
3,Michael Johnson,40,Male
4,Emily Brown,35,Female
5,David Wilson,45,Male
6,Sarah Taylor,28,Female
7,Chris Anderson,33,Male
8,Amy Clark,31,Female
9,Robert Martinez,37,Male
10,Lisa Lee,29,Female
1,John Doe,30,Male
2,Jane Smith,25,Female
3,Michael Johnson,40,Male
4,Emily Brown,35,Female
5,David Wilson,45,Male
6,Sarah Taylor,28,Female
7,Chris Anderson,33,Male
8,Amy Clark,31,Female
9,Robert Martinez,37,Male
10,Lisa Lee,29,Female
1,John Doe,30,Male
2,Jane Smith,25,Female
3,Michael Johnson,40,Male
4,Emily Brown,35,Female
5,David Wilson,45,Male
6,Sarah Taylor,28,Female
7,Chris Anderson,33,Male
8,Amy Clark,31,Female
9,Robert Martinez,37,Male
10,Lisa Lee,29,Female
1,John Doe,30,Male
2,Jane Smith,25,Female
3,Michael Johnson,40,Male
4,Emily Brown,35,Female
5,David Wilson,45,Male
6,Sarah Taylor,28,Female
7,Chris Anderson,33,Male
8,Amy Clark,31,Female
9,Robert Martinez,37,Male
10,Lisa Lee,29,Female
1,John Doe,30,Male
2,Jane Smith,25,Female
3,Michael Johnson,40,Male
4,Emily Brown,35,Female
5,David Wilson,45,Male
6,Sarah Taylor,28,Female
7,Chris Anderson,33,Male
8,Amy Clark,31,Female
9,Robert Martinez,37,Male
10,Lisa Lee,29,Female
1,John Doe,30,Male
2,Jane Smith,25,Female
3,Michael Johnson,40,Male
4,Emily Brown,35,Female
5,David Wilson,45,Male
6,Sarah Taylor,28,Female
7,Chris Anderson,33,Male
8,Amy Clark,31,Female
9,Robert Martinez,37,Male
10,Lisa Lee,29,Female
1,John Doe,30,Male
2,Jane Smith,25,Female
3,Michael Johnson,40,Male
4,Emily Brown,35,Female
5,David Wilson,45,Male
6,Sarah Taylor,28,Female
7,Chris Anderson,33,Male
8,Amy Clark,31,Female
9,Robert Martinez,37,Male
10,Lisa Lee,29,Female
1,John Doe,30,Male
2,Jane Smith,25,Female
3,Michael Johnson,40,Male
4,Emily Brown,35,Female
5,David Wilson,45,Male
6,Sarah Taylor,28,Female
7,Chris Anderson,33,Male
8,Amy Clark,31,Female
9,Robert Martinez,37,Male
10,Lisa Lee,29,Female
1,John Doe,30,Male
2,Jane Smith,25,Female
3,Michael Johnson,40,Male
4,Emily Brown,35,Female
5,David Wilson,45,Male
6,Sarah Taylor,28,Female
7,Chris Anderson,33,Male
8,Amy Clark,31,Female
9,Robert Martinez,37,Male
10,Lisa Lee,29,Female
1,John Doe,30,Male
2,Jane Smith,25,Female
3,Michael Johnson,40,Male
4,Emily Brown,35,Female
5,David Wilson,45,Male
6,Sarah Taylor,28,Female
7,Chris Anderson,33,Male
8,Amy Clark,31,Female
9,Robert Martinez,37,Male
10,Lisa Lee,29,Female
1,John Doe,30,Male
2,Jane Smith,25,Female
3,Michael Johnson,40,Male
4,Emily Brown,35,Female
5,David Wilson,45,Male
6,Sarah Taylor,28,Female
7,Chris Anderson,33,Male
8,Amy Clark,31,Female
9,Robert Martinez,37,Male
10,Lisa Lee,29,Female
1,John Doe,30,Male
2,Jane Smith,25,Female
3,Michael Johnson,40,Male
4,Emily Brown,35,Female
5,David Wilson,45,Male
6,Sarah Taylor,28,Female
7,Chris Anderson,33,Male
8,Amy Clark,31,Female
9,Robert Martinez,37,Male
10,Lisa Lee,29,Female
1,John Doe,30,Male
2,Jane Smith,25,Female
3,Michael Johnson,40,Male
4,Emily Brown,35,Female
5,David Wilson,45,Male
6,Sarah Taylor,28,Female
7,Chris Anderson,33,Male
8,Amy Clark,31,Female
9,Robert Martinez,37,Male
10,Lisa Lee,29,Female
1,John Doe,30,Male
2,Jane Smith,25,Female
3,Michael Johnson,40,Male
4,Emily Brown,35,Female
5,David Wilson,45,Male
6,Sarah Taylor,28,Female
7,Chris Anderson,33,Male
8,Amy Clark,31,Female
9,Robert Martinez,37,Male
10,Lisa Lee,29,Female
1,John Doe,30,Male
2,Jane Smith,25,Female
3,Michael Johnson,40,Male
4,Emily Brown,35,Female
5,David Wilson,45,Male
6,Sarah Taylor,28,Female
7,Chris Anderson,33,Male
8,Amy Clark,31,Female
9,Robert Martinez,37,Male
10,Lisa Lee,29,Female
1,John Doe,30,Male
2,Jane Smith,25,Female
3,Michael Johnson,40,Male
4,Emily Brown,35,Female
5,David Wilson,45,Male
6,Sarah Taylor,28,Female
7,Chris Anderson,33,Male
8,Amy Clark,31,Female
9,Robert Martinez,37,Male
10,Lisa Lee,29,Female
1,John Doe,30,Male
2,Jane Smith,25,Female
3,Michael Johnson,40,Male
4,Emily Brown,35,Female
5,David Wilson,45,Male
6,Sarah Taylor,28,Female
7,Chris Anderson,33,Male
8,Amy Clark,31,Female
9,Robert Martinez,37,Male
10,Lisa Lee,29,Female
1,John Doe,30,Male
2,Jane Smith,25,Female
3,Michael Johnson,40,Male
4,Emily Brown,35,Female
5,David Wilson,45,Male
6,Sarah Taylor,28,Female
7,Chris Anderson,33,Male
8,Amy Clark,31,Female
9,Robert Martinez,37,Male
10,Lisa Lee,29,Female
1,John Doe,30,Male
2,Jane Smith,25,Female
3,Michael Johnson,40,Male
4,Emily Brown,35,Female
5,David Wilson,45,Male
6,Sarah Taylor,28,Female
7,Chris Anderson,33,Male
8,Amy Clark,31,Female
9,Robert Martinez,37,Male
10,Lisa Lee,29,Female
1,John Doe,30,Male
2,Jane Smith,25,Female
3,Michael Johnson,40,Male
4,Emily Brown,35,Female
5,David Wilson,45,Male
6,Sarah Taylor,28,Female
7,Chris Anderson,33,Male
8,Amy Clark,31,Female
9,Robert Martinez,37,Male
10,Lisa Lee,29,Female
1,John Doe,30,Male
2,Jane Smith,25,Female
3,Michael Johnson,40,Male
4,Emily Brown,35,Female
5,David Wilson,45,Male
6,Sarah Taylor,28,Female
7,Chris Anderson,33,Male
8,Amy Clark,31,Female
9,Robert Martinez,37,Male
10,Lisa Lee,29,Female
1,John Doe,30,Male
2,Jane Smith,25,Female
3,Michael Johnson,40,Male
4,Emily Brown,35,Female
5,David Wilson,45,Male
6,Sarah Taylor,28,Female
7,Chris Anderson,33,Male
8,Amy Clark,31,Female
9,Robert Martinez,37,Male
10,Lisa Lee,29,Female
1,John Doe,30,Male
2,Jane Smith,25,Female
3,Michael Johnson,40,Male
4,Emily Brown,35,Female
5,David Wilson,45,Male
6,Sarah Taylor,28,Female
7,Chris Anderson,33,Male
8,Amy Clark,31,Female
9,Robert Martinez,37,Male
10,Lisa Lee,29,Female
1,John Doe,30,Male
2,Jane Smith,25,Female
3,Michael Johnson,40,Male
4,Emily Brown,35,Female
5,David Wilson,45,Male
6,Sarah Taylor,28,Female
7,Chris Anderson,33,Male
8,Amy Clark,31,Female
9,Robert Martinez,37,Male
10,Lisa Lee,29,Female
1,John Doe,30,Male
2,Jane Smith,25,Female
3,Michael Johnson,40,Male
4,Emily Brown,35,Female
5,David Wilson,45,Male
6,Sarah Taylor,28,Female
7,Chris Anderson,33,Male
8,Amy Clark,31,Female
9,Robert Martinez,37,Male
10,Lisa Lee,29,Female
1,John Doe,30,Male
2,Jane Smith,25,Female
3,Michael Johnson,40,Male
4,Emily Brown,35,Female
5,David Wilson,45,Male
6,Sarah Taylor,28,Female
7,Chris Anderson,33,Male
8,Amy Clark,31,Female
9,Robert Martinez,37,Male
10,Lisa Lee,29,Female
1,John Doe,30,Male
2,Jane Smith,25,Female
3,Michael Johnson,40,Male
4,Emily Brown,35,Female
5,David Wilson,45,Male
6,Sarah Taylor,28,Female
7,Chris Anderson,33,Male
8,Amy Clark,31,Female
9,Robert Martinez,37,Male
10,Lisa Lee,29,Female
1,John Doe,30,Male
2,Jane Smith,25,Female
3,Michael Johnson,40,Male
4,Emily Brown,35,Female
5,David Wilson,45,Male
6,Sarah Taylor,28,Female
7,Chris Anderson,33,Male
8,Amy Clark,31,Female
9,Robert Martinez,37,Male
10,Lisa Lee,29,Female
1,John Doe,30,Male
2,Jane Smith,25,Female
3,Michael Johnson,40,Male
4,Emily Brown,35,Female
5,David Wilson,45,Male
6,Sarah Taylor,28,Female
7,Chris Anderson,33,Male
8,Amy Clark,31,Female
9,Robert Martinez,37,Male
10,Lisa Lee,29,Female
1,John Doe,30,Male
2,Jane Smith,25,Female
3,Michael Johnson,40,Male
4,Emily Brown,35,Female
5,David Wilson,45,Male
6,Sarah Taylor,28,Female
7,Chris Anderson,33,Male
8,Amy Clark,31,Female
9,Robert Martinez,37,Male
10,Lisa Lee,29,Female
1,John Doe,30,Male
2,Jane Smith,25,Female
3,Michael Johnson,40,Male
4,Emily Brown,35,Female
5,David Wilson,45,Male
6,Sarah Taylor,28,Female
7,Chris Anderson,33,Male
8,Amy Clark,31,Female
9,Robert Martinez,37,Male
10,Lisa Lee,29,Female
1,John Doe,30,Male
2,Jane Smith,25,Female
3,Michael Johnson,40,Male
4,Emily Brown,35,Female
5,David Wilson,45,Male
6,Sarah Taylor,28,Female
7,Chris Anderson,33,Male
8,Amy Clark,31,Female
9,Robert Martinez,37,Male
10,Lisa Lee,29,Female
1,John Doe,30,Male
2,Jane Smith,25,Female
3,Michael Johnson,40,Male
4,Emily Brown,35,Female
5,David Wilson,45,Male
6,Sarah Taylor,28,Female
7,Chris Anderson,33,Male
8,Amy Clark,31,Female
9,Robert Martinez,37,Male
10,Lisa Lee,29,Female
1,John Doe,30,Male
2,Jane Smith,25,Female
3,Michael Johnson,40,Male
4,Emily Brown,35,Female
5,David Wilson,45,Male
6,Sarah Taylor,28,Female
7,Chris Anderson,33,Male
8,Amy Clark,31,Female
9,Robert Martinez,37,Male
10,Lisa Lee,29,Female
1,John Doe,30,Male
2,Jane Smith,25,Female
3,Michael Johnson,40,Male
4,Emily Brown,35,Female
5,David Wilson,45,Male
6,Sarah Taylor,28,Female
7,Chris Anderson,33,Male
8,Amy Clark,31,Female
9,Robert Martinez,37,Male
10,Lisa Lee,29,Female
1,John Doe,30,Male
2,Jane Smith,25,Female
3,Michael Johnson,40,Male
4,Emily Brown,35,Female
5,David Wilson,45,Male
6,Sarah Taylor,28,Female
7,Chris Anderson,33,Male
8,Amy Clark,31,Female
9,Robert Martinez,37,Male
10,Lisa Lee,29,Female
1,John Doe,30,Male
2,Jane Smith,25,Female
3,Michael Johnson,40,Male
4,Emily Brown,35,Female
5,David Wilson,45,Male
6,Sarah Taylor,28,Female
7,Chris Anderson,33,Male
8,Amy Clark,31,Female
9,Robert Martinez,37,Male
10,Lisa Lee,29,Female
1,John Doe,30,Male
2,Jane Smith,25,Female
3,Michael Johnson,40,Male
4,Emily Brown,35,Female
5,David Wilson,45,Male
6,Sarah Taylor,28,Female
7,Chris Anderson,33,Male
8,Amy Clark,31,Female
9,Robert Martinez,37,Male
10,Lisa Lee,29,Female
1,John Doe,30,Male
2,Jane Smith,25,Female
3,Michael Johnson,40,Male
4,Emily Brown,35,Female
5,David Wilson,45,Male
6,Sarah Taylor,28,Female
7,Chris Anderson,33,Male
8,Amy Clark,31,Female
9,Robert Martinez,37,Male
10,Lisa Lee,29,Female
1,John Doe,30,Male
2,Jane Smith,25,Female
3,Michael Johnson,40,Male
4,Emily Brown,35,Female
5,David Wilson,45,Male
6,Sarah Taylor,28,Female
7,Chris Anderson,33,Male
8,Amy Clark,31,Female
9,Robert Martinez,37,Male
10,Lisa Lee,29,Female
1,John Doe,30,Male
2,Jane Smith,25,Female
3,Michael Johnson,40,Male
4,Emily Brown,35,Female
5,David Wilson,45,Male
6,Sarah Taylor,28,Female
7,Chris Anderson,33,Male
8,Amy Clark,31,Female
9,Robert Martinez,37,Male
10,Lisa Lee,29,Female
1,John Doe,30,Male
2,Jane Smith,25,Female
3,Michael Johnson,40,Male
4,Emily Brown,35,Female
5,David Wilson,45,Male
6,Sarah Taylor,28,Female
7,Chris Anderson,33,Male
8,Amy Clark,31,Female
9,Robert Martinez,37,Male
10,Lisa Lee,29,Female
1,John Doe,30,Male
2,Jane Smith,25,Female
3,Michael Johnson,40,Male
4,Emily Brown,35,Female
5,David Wilson,45,Male
6,Sarah Taylor,28,Female
7,Chris Anderson,33,Male
8,Amy Clark,31,Female
9,Robert Martinez,37,Male
10,Lisa Lee,29,Female
1,John Doe,30,Male
2,Jane Smith,25,Female
3,Michael Johnson,40,Male
4,Emily Brown,35,Female
5,David Wilson,45,Male
6,Sarah Taylor,28,Female
7,Chris Anderson,33,Male
8,Amy Clark,31,Female
9,Robert Martinez,37,Male
10,Lisa Lee,29,Female
1,John Doe,30,Male
2,Jane Smith,25,Female
3,Michael Johnson,40,Male
4,Emily Brown,35,Female
5,David Wilson,45,Male
6,Sarah Taylor,28,Female
7,Chris Anderson,33,Male
8,Amy Clark,31,Female
9,Robert Martinez,37,Male
10,Lisa Lee,29,Female
1,John Doe,30,Male
2,Jane Smith,25,Female
3,Michael Johnson,40,Male
4,Emily Brown,35,Female
5,David Wilson,45,Male
6,Sarah Taylor,28,Female
7,Chris Anderson,33,Male
8,Amy Clark,31,Female
9,Robert Martinez,37,Male
10,Lisa Lee,29,Female
1,John Doe,30,Male
2,Jane Smith,25,Female
3,Michael Johnson,40,Male
4,Emily Brown,35,Female
5,David Wilson,45,Male
6,Sarah Taylor,28,Female
7,Chris Anderson,33,Male
8,Amy Clark,31,Female
9,Robert Martinez,37,Male
10,Lisa Lee,29,Female
1,John Doe,30,Male
2,Jane Smith,25,Female
3,Michael Johnson,40,Male
4,Emily Brown,35,Female
5,David Wilson,45,Male
6,Sarah Taylor,28,Female
7,Chris Anderson,33,Male
8,Amy Clark,31,Female
9,Robert Martinez,37,Male
10,Lisa Lee,29,Female
1,John Doe,30,Male
2,Jane Smith,25,Female
3,Michael Johnson,40,Male
4,Emily Brown,35,Female
5,David Wilson,45,Male
6,Sarah Taylor,28,Female
7,Chris Anderson,33,Male
8,Amy Clark,31,Female
9,Robert Martinez,37,Male
10,Lisa Lee,29,Female
1,John Doe,30,Male
2,Jane Smith,25,Female
3,Michael Johnson,40,Male
4,Emily Brown,35,Female
5,David Wilson,45,Male
6,Sarah Taylor,28,Female
7,Chris Anderson,33,Male
8,Amy Clark,31,Female
9,Robert Martinez,37,Male
10,Lisa Lee,29,Female
1,John Doe,30,Male
2,Jane Smith,25,Female
3,Michael Johnson,40,Male
4,Emily Brown,35,Female
5,David Wilson,45,Male
6,Sarah Taylor,28,Female
7,Chris Anderson,33,Male
8,Amy Clark,31,Female
9,Robert Martinez,37,Male
10,Lisa Lee,29,Female
1,John Doe,30,Male
2,Jane Smith,25,Female
3,Michael Johnson,40,Male
4,Emily Brown,35,Female
5,David Wilson,45,Male
6,Sarah Taylor,28,Female
7,Chris Anderson,33,Male
8,Amy Clark,31,Female
9,Robert Martinez,37,Male
10,Lisa Lee,29,Female
1,John Doe,30,Male
2,Jane Smith,25,Female
3,Michael Johnson,40,Male
4,Emily Brown,35,Female
5,David Wilson,45,Male
6,Sarah Taylor,28,Female
7,Chris Anderson,33,Male
8,Amy Clark,31,Female
9,Robert Martinez,37,Male
10,Lisa Lee,29,Female
1,John Doe,30,Male
2,Jane Smith,25,Female
3,Michael Johnson,40,Male
4,Emily Brown,35,Female
5,David Wilson,45,Male
6,Sarah Taylor,28,Female
7,Chris Anderson,33,Male
8,Amy Clark,31,Female
9,Robert Martinez,37,Male
10,Lisa Lee,29,Female
1,John Doe,30,Male
2,Jane Smith,25,Female
3,Michael Johnson,40,Male
4,Emily Brown,35,Female
5,David Wilson,45,Male
6,Sarah Taylor,28,Female
7,Chris Anderson,33,Male
8,Amy Clark,31,Female
9,Robert Martinez,37,Male
10,Lisa Lee,29,Female
1,John Doe,30,Male
2,Jane Smith,25,Female
3,Michael Johnson,40,Male
4,Emily Brown,35,Female
5,David Wilson,45,Male
6,Sarah Taylor,28,Female
7,Chris Anderson,33,Male
8,Amy Clark,31,Female
9,Robert Martinez,37,Male
10,Lisa Lee,29,Female